Date,house_price_index,population,gdp,mortgage_rate,employment_rate,ppi_res,m3,cci,delinquency_rate,hcai
1987-01-01,63.965,241857,-0.04687286367764903,9.204,70.16308505,100.0,2.7439,100.4624,3.9849465240641715,8.981894736842106
1987-02-01,64.424,242005,-0.07086756192406139,9.0825,70.28920495,100.4,2.7475,100.4945,3.9849465240641715,8.981894736842106
1987-03-01,64.735,242166,-0.07632603383717855,9.035,70.32167787,100.7,2.7537,100.572,3.9849465240641715,8.981894736842106
1987-04-01,65.132,242338,-0.06532703289807967,9.8325,70.49906164,101.1,2.7677,100.6568,3.9849465240641715,8.981894736842106
1987-05-01,65.565,242516,-0.040144020155563426,10.596,70.80830806,101.3,2.7729,100.6919,3.9849465240641715,8.981894736842106
1987-06-01,66.073,242706,-0.0012165567584425062,10.5375,70.5857077,101.5,2.7746,100.7686,3.9849465240641715,8.981894736842106
1987-07-01,66.508,242908,0.05392458545799249,10.278,70.79351785,102.0,2.779,100.8778,3.9849465240641715,8.981894736842106
1987-08-01,66.939,243118,0.12727666379927852,10.33,70.99908919,102.3,2.7882,100.8828,3.9849465240641715,8.981894736842106
1987-09-01,67.331,243335,0.2158933595756964,10.8875,70.91544754,102.9,2.7995,100.6881,3.9849465240641715,8.981894736842106
1987-10-01,67.738,243543,0.3061602794511763,11.26,71.10611082,103.0,2.8148,100.3227,3.9849465240641715,8.981894736842106
1987-11-01,68.107,243724,0.38225551923994966,10.65,71.16438776,103.3,2.8189,100.0337,3.9849465240641715,8.981894736842106
1987-12-01,68.506,243895,0.4345500115298646,10.64,71.29550445,103.4,2.8264,100.1095,3.9849465240641715,8.981894736842106
1988-01-01,68.859,244056,0.46906537366306744,10.3825,71.32077175,103.9,2.8474,100.3865,3.9849465240641715,8.981894736842106
1988-02-01,69.263,244205,0.49776719947922365,9.8925,71.379813,104.1,2.8704,100.6399,3.9849465240641715,8.981894736842106
1988-03-01,69.639,244362,0.5302317570546643,9.93,71.27074357,104.5,2.8907,100.8116,3.9849465240641715,8.981894736842106
1988-04-01,69.977,244528,0.5658643638190717,10.202,71.52921613,105.0,2.9107,100.8577,3.9849465240641715,8.981894736842106
1988-05-01,70.426,244708,0.6002519569017708,10.455,71.33103539,105.2,2.926,100.9552,3.9849465240641715,8.981894736842106
1988-06-01,70.888,244914,0.6313689294043972,10.46,71.58933195,105.6,2.9384,101.0271,3.9849465240641715,8.981894736842106
1988-07-01,71.354,245131,0.6659598845159069,10.432,71.68153101,106.1,2.9472,101.0987,3.9849465240641715,8.981894736842106
1988-08-01,71.799,245352,0.7135475786754374,10.5975,71.80118925,106.0,2.952,101.2135,3.9849465240641715,8.981894736842106
1988-09-01,72.24,245579,0.7803372248921211,10.48,71.81210948,106.3,2.9569,101.1973,3.9849465240641715,8.981894736842106
1988-10-01,72.636,245789,0.8623185666956114,10.3025,71.93679438,106.4,2.9653,101.0484,3.9849465240641715,8.981894736842106
1988-11-01,73.072,245970,0.9505282713013882,10.265,72.03517113,106.8,2.9802,100.9406,3.9849465240641715,8.981894736842106
1988-12-01,73.465,246140,1.0353174158977894,10.612,72.10745366,107.0,2.9882,100.9688,3.9849465240641715,8.981894736842106
1989-01-01,73.947,246301,1.110290513983723,10.73,72.27703066,107.6,2.9917,101.1181,3.9849465240641715,8.981894736842106
1989-02-01,74.383,246454,1.171245610994237,10.645,72.30408515,108.5,2.9922,101.0967,3.9849465240641715,8.981894736842106
1989-03-01,74.778,246626,1.2159412727289296,11.032,72.41098297,109.2,2.9997,100.9433,3.9849465240641715,8.981894736842106
1989-04-01,75.085,246814,1.244990078328957,11.05,72.35926187,110.1,3.006,100.7336,3.9849465240641715,8.981894736842106
1989-05-01,75.306,247010,1.2596620610601288,10.7725,72.3898812,110.6,3.0116,100.5943,3.9849465240641715,8.981894736842106
1989-06-01,75.48,247228,1.2609482991811505,10.196,72.58345983,110.7,3.0279,100.5602,3.9849465240641715,8.981894736842106
1989-07-01,75.658,247458,1.2497969547957741,9.8825,72.59715167,111.1,3.0524,100.6122,3.9849465240641715,8.981894736842106
1989-08-01,75.836,247695,1.22815082977307,9.985,72.70362822,110.8,3.0744,100.6989,3.9849465240641715,8.981894736842106
1989-09-01,76.057,247942,1.2010099232771052,10.126,72.47735655,111.0,3.0925,100.8612,3.9849465240641715,8.981894736842106
1989-10-01,76.283,248174,1.1793735923976463,9.9475,72.56904016,111.5,3.1141,100.8429,3.9849465240641715,8.981894736842106
1989-11-01,76.521,248380,1.1740127235738487,9.7675,72.72474713,111.3,3.1333,100.7103,3.9849465240641715,8.981894736842106
1989-12-01,76.705,248569,1.189018864664997,9.744,72.57324251,110.8,3.1525,100.6311,3.9849465240641715,8.981894736842106
1990-01-01,76.897,248743,1.2143234583402527,9.895,72.48943709,111.2,3.1668,100.6283,3.9849465240641715,8.981894736842106
1990-02-01,77.053,248920,1.232993677456898,10.1975,72.46759526,111.4,3.1792,100.6091,3.9849465240641715,8.981894736842106
1990-03-01,77.201,249146,1.227868313259289,10.268,72.51231695,111.9,3.1901,100.6827,3.9849465240641715,8.981894736842106
1990-04-01,77.278,249436,1.1887646621289614,10.37,72.32320388,112.6,3.2016,100.7387,3.9849465240641715,8.981894736842106
1990-05-01,77.298,249707,1.108519465772087,10.4775,72.50139138,112.6,3.2006,100.6001,3.9849465240641715,8.981894736842106
1990-06-01,77.258,249990,0.9815654660554074,10.164,72.42706971,112.0,3.2137,100.2951,3.9849465240641715,8.981894736842106
1990-07-01,77.138,250285,0.8055398704399581,10.035,72.28284034,112.2,3.2245,99.77992,3.9849465240641715,8.981894736842106
1990-08-01,77.009,250595,0.5809985410737307,10.1,72.11976339,112.3,3.242,98.95334,3.9849465240641715,8.981894736842106
1990-09-01,76.85,250904,0.31469578625124084,10.175,71.94829096,112.7,3.2546,98.15925,3.9849465240641715,8.981894736842106
1990-10-01,76.7,251201,0.026308084269839594,10.1775,71.9459666,112.8,3.2593,97.52459,3.9849465240641715,8.981894736842106
1990-11-01,76.37,251486,-0.2592704081235149,10.014,71.60458315,112.8,3.2626,97.29921,3.9849465240641715,8.981894736842106
1990-12-01,76.185,251758,-0.5178052320558081,9.6725,71.56983031,112.7,3.2718,97.36773,3.9849465240641715,8.981894736842106
1991-01-01,75.916,252012,-0.7315400510127636,9.6375,71.35898928,112.9,3.2877,97.73981,3.18,8.981894736842106
1991-02-01,75.735,252253,-0.8888279369608412,9.365,71.18393356,112.7,3.3045,98.41863,3.18,8.981894736842106
1991-03-01,75.57,252507,-0.9869376416922193,9.5,71.03766085,112.9,3.3219,99.19271,3.18,8.981894736842106
1991-04-01,75.567,252778,-1.038926547809124,9.4925,71.22498,113.3,3.3324,99.41135,3.07,8.981894736842106
1991-05-01,75.765,253060,-1.0629956637366709,9.472,70.85507979,114.2,3.343,99.39314,3.07,8.981894736842106
1991-06-01,75.993,253350,-1.0753057977281506,9.615,71.03257857,115.6,3.3519,99.46294,3.07,8.981894736842106
1991-07-01,76.083,253650,-1.0848525320106952,9.575,70.98545289,115.8,3.3561,99.52857,3.17,8.981894736842106
1991-08-01,76.11,253966,-1.09392194427033,9.244,70.76418213,114.5,3.355,99.49039,3.17,8.981894736842106
1991-09-01,76.194,254280,-1.0988023124265434,9.0075,70.97117902,114.7,3.3549,99.27659,3.17,8.981894736842106
1991-10-01,76.075,254576,-1.0906045254930934,8.855,70.84383453,114.5,3.3601,98.76786,3.3,8.981894736842106
1991-11-01,76.014,254841,-1.0591527980781243,8.712,70.71360658,114.6,3.3655,98.13734,3.3,8.981894736842106
1991-12-01,76.056,255089,-0.9978900314132363,8.4975,70.558959,115.0,3.3722,97.76636,3.3,8.981894736842106
1992-01-01,76.086,255331,-0.9105674001686652,8.432,70.82478958,115.6,3.3812,97.71429,3.23,8.981894736842106
1992-02-01,76.155,255576,-0.8053715615696312,8.7625,70.64509162,117.3,3.4,97.97602,3.23,8.981894736842106
1992-03-01,76.276,255848,-0.6910888326171691,8.935,70.69513053,118.1,3.4039,98.4456,3.23,8.981894736842106
1992-04-01,76.346,256139,-0.5746978787162189,8.8525,70.85896505,118.5,3.3997,98.81865,2.96,8.981894736842106
1992-05-01,76.399,256437,-0.46149553280130723,8.672,70.81219628,118.7,3.3986,99.03103,2.96,8.981894736842106
1992-06-01,76.332,256742,-0.3555335072800192,8.51,70.95710427,118.4,3.3934,99.03729,2.96,8.981894736842106
1992-07-01,76.264,257063,-0.2599937590247409,8.128,71.12001116,118.1,3.3939,98.85054,2.88,8.981894736842106
1992-08-01,76.23,257390,-0.17870778358407782,7.975,70.92608031,118.2,3.3988,98.68761,2.88,8.981894736842106
1992-09-01,76.239,257704,-0.11709810836547005,7.9225,70.77135222,119.2,3.4103,98.67641,2.88,8.981894736842106
1992-10-01,76.377,258004,-0.0822604744006861,8.088,70.62834819,119.0,3.4238,98.95572,2.86,8.981894736842106
1992-11-01,76.559,258280,-0.08065296166993485,8.305,70.65851747,119.3,3.4265,99.62333,2.86,8.981894736842106
1992-12-01,76.674,258546,-0.11403651260978241,8.206,70.77770065,120.6,3.4247,100.1666,2.86,8.981894736842106
1993-01-01,76.784,258799,-0.1732419037371681,7.9925,70.84154358,122.6,3.4191,100.3087,2.82,8.981894736842106
1993-02-01,76.838,259036,-0.24496513592295632,7.6825,70.94913906,125.3,3.4145,100.1847,2.82,8.981894736842106
1993-03-01,76.868,259283,-0.3168255929593732,7.495,71.01298344,127.8,3.4117,99.98457,2.82,8.981894736842106
1993-04-01,76.937,259547,-0.38160916714161697,7.472,70.92464659,128.2,3.4113,99.73684,2.58,8.981894736842106
1993-05-01,77.037,259822,-0.4342692035687209,7.465,71.20014696,127.0,3.4369,99.42039,2.58,8.981894736842106
1993-06-01,77.243,260109,-0.46959262703843613,7.4175,71.34758352,125.7,3.4424,99.17429,2.58,8.981894736842106
1993-07-01,77.429,260411,-0.48088911172293936,7.206,71.34711553,125.1,3.442,98.94565,2.59,8.981894736842106
1993-08-01,77.613,260717,-0.4618576400846006,7.1125,71.39201596,125.6,3.4457,98.88703,2.59,8.981894736842106
1993-09-01,77.795,261015,-0.41031905086654863,6.915,71.20476545,126.7,3.4522,99.01743,2.59,8.981894736842106
1993-10-01,77.942,261294,-0.33430109577173445,6.834,71.22086324,126.9,3.4567,99.31871,2.45,8.981894736842106
1993-11-01,78.149,261550,-0.24506597107954195,7.155,71.4605502,127.8,3.4701,99.6809,2.45,8.981894736842106
1993-12-01,78.327,261796,-0.15211126228096827,7.172,71.60904056,128.9,3.4745,100.2065,2.45,8.981894736842106
1994-01-01,78.592,262021,-0.05930825585747539,7.06,71.55468183,130.0,3.4749,100.6591,2.47,8.981894736842106
1994-02-01,78.727,262237,0.03192766093557119,7.1525,71.66441197,129.8,3.4757,100.8207,2.47,8.981894736842106
1994-03-01,78.857,262491,0.11927858835035322,7.675,71.54974736,130.1,3.4801,100.8091,2.47,8.981894736842106
1994-04-01,78.988,262754,0.19607882837741245,8.316,71.64327874,129.3,3.4813,100.7772,2.18,8.981894736842106
1994-05-01,79.223,263014,0.25495311513675406,8.5975,71.95505462,129.2,3.4908,100.7101,2.18,8.981894736842106
1994-06-01,79.424,263294,0.2920151325889026,8.3975,71.80952756,130.1,3.4795,100.5959,2.18,8.981894736842106
1994-07-01,79.596,263580,0.3121412065800358,8.614,71.83570784,129.9,3.4882,100.5179,2.11,8.981894736842106
1994-08-01,79.782,263871,0.32219809997665577,8.5125,72.097205,130.4,3.4857,100.5673,2.11,8.981894736842106
1994-09-01,79.919,264159,0.32532474665101335,8.64,72.23638378,131.0,3.4861,100.6433,2.11,8.981894736842106
1994-10-01,80.065,264430,0.31579762736626765,8.925,72.43906509,131.2,3.4843,100.7444,2.11,8.981894736842106
1994-11-01,80.15,264681,0.28429975172907956,9.17,72.61348209,132.1,3.4872,100.8673,2.11,8.981894736842106
1994-12-01,80.297,264924,0.2239128040644249,9.198,72.68055584,132.1,3.4864,101.057,2.11,8.981894736842106
1995-01-01,80.427,265157,0.13747174365330947,9.1475,72.57960842,132.6,3.4924,101.1452,2.11,8.981894736842106
1995-02-01,80.529,265383,0.032937606275657914,8.8275,72.73147732,132.6,3.4899,101.0023,2.11,8.981894736842106
1995-03-01,80.599,265625,-0.07948255264843031,8.462,72.70093786,133.3,3.4911,100.7647,2.11,8.981894736842106
1995-04-01,80.661,265877,-0.1890153091063343,8.32,72.59810735,133.5,3.4992,100.6617,2.03,8.981894736842106
1995-05-01,80.705,266134,-0.28649760992523554,7.955,72.40615992,133.6,3.5242,100.6481,2.03,8.981894736842106
1995-06-01,80.786,266414,-0.36683971487762906,7.566,72.44221033,133.1,3.5489,100.7846,2.03,8.981894736842106
1995-07-01,80.937,266700,-0.4324437444394863,7.6075,72.54572798,133.7,3.5674,100.9107,2.15,8.981894736842106
1995-08-01,81.111,266998,-0.4882196094645427,7.86,72.47575377,133.9,3.589,100.8742,2.15,8.981894736842106
1995-09-01,81.307,267304,-0.5378444943227186,7.636,72.48826564,134.3,3.6021,100.6195,2.15,8.981894736842106
1995-10-01,81.483,267585,-0.580893493465,7.475,72.56721315,133.7,3.6134,100.4511,2.28,8.981894736842106
1995-11-01,81.62,267829,-0.6134561883557489,7.3775,72.48367404,132.9,3.6199,100.3675,2.28,8.981894736842106
1995-12-01,81.737,268047,-0.6293515664233789,7.2,72.35268001,132.7,3.6295,100.3933,2.28,8.981894736842106
1996-01-01,81.835,268258,-0.622217610425399,7.03,72.3379475,132.6,3.6479,100.4108,2.22,8.981894736842106
1996-02-01,81.954,268480,-0.5876127031116395,7.075,72.51863111,132.7,3.6618,100.4873,2.22,8.981894736842106
1996-03-01,82.194,268724,-0.5269147112650677,7.624,72.59435063,133.1,3.6869,100.6429,2.22,8.981894736842106
1996-04-01,82.422,268980,-0.45336633158186956,7.925,72.55838052,133.5,3.6977,100.6736,2.17,8.981894736842106
1996-05-01,82.611,269247,-0.38392567790184673,8.07,72.71010265,135.0,3.7096,100.6515,2.17,8.981894736842106
1996-06-01,82.753,269527,-0.33223860056843274,8.32,72.82914103,135.5,3.7225,100.7675,2.17,8.981894736842106
1996-07-01,82.929,269822,-0.3015010531751065,8.245,72.99268962,135.0,3.7371,100.938,2.22,8.981894736842106
1996-08-01,83.087,270130,-0.2893677123729478,8.002,73.05113095,135.7,3.744,101.0664,2.22,8.981894736842106
1996-09-01,83.258,270433,-0.2915185151332432,8.23,73.1687924,136.8,3.7534,101.1634,2.22,8.981894736842106
1996-10-01,83.378,270730,-0.30402487923652194,7.915,73.29115393,135.9,3.7728,101.2941,2.41,8.981894736842106
1996-11-01,83.553,271002,-0.322175403305067,7.618,73.15559826,136.9,3.7951,101.4051,2.41,8.981894736842106
1996-12-01,83.722,271243,-0.338686690522528,7.5975,73.11089745,136.7,3.8186,101.4214,2.41,8.981894736842106
1997-01-01,83.956,271472,-0.3416306230027818,7.824,73.04381899,137.0,3.8346,101.4756,2.32,8.981894736842106
1997-02-01,84.181,271703,-0.3193178907833116,7.65,73.07354957,137.9,3.8463,101.6016,2.32,8.981894736842106
1997-03-01,84.453,271952,-0.26621414405215155,7.8975,73.35451736,138.3,3.8612,101.7435,2.32,8.981894736842106
1997-04-01,84.624,272213,-0.1907683004793328,8.1425,73.36524108,138.7,3.877,101.9196,2.19,8.981894736842106
1997-05-01,84.862,272482,-0.1075856535842839,7.944,73.49515305,139.2,3.8892,102.1185,2.19,8.981894736842106
1997-06-01,85.081,272767,-0.031372171775245074,7.69,73.45465423,138.8,3.906,102.2998,2.19,8.981894736842106
1997-07-01,85.333,273074,0.028445380016226134,7.4975,73.67423299,138.9,3.9239,102.4218,2.22,8.981894736842106
1997-08-01,85.574,273395,0.06668323778749058,7.48,73.75519988,138.8,3.9574,102.4246,2.22,8.981894736842106
1997-09-01,85.851,273703,0.0824360487445537,7.43,73.64756731,138.4,3.9731,102.4362,2.22,8.981894736842106
1997-10-01,86.148,273989,0.08055548420390726,7.294,73.66168856,137.7,3.9923,102.4289,2.34,8.981894736842106
1997-11-01,86.633,274249,0.06797072243583624,7.205,73.81068267,137.9,4.0148,102.4092,2.34,8.981894736842106
1997-12-01,87.094,274499,0.051235469873675187,7.095,73.7474576,137.6,4.0329,102.3754,2.34,8.981894736842106
1998-01-01,87.616,274732,0.034825373963467444,6.994,73.70537639,137.3,4.0562,102.5385,2.16,10.024
1998-02-01,88.004,274943,0.022341500774585972,7.0425,73.77610597,137.5,4.0889,102.7129,2.16,10.024
1998-03-01,88.443,275175,0.017666124036483287,7.1275,73.7986976,137.5,4.1143,102.721,2.16,10.024
1998-04-01,88.879,275434,0.025818412722671928,7.14,73.86966452,137.9,4.1402,102.6981,2.03,9.668
1998-05-01,89.365,275700,0.0521148948993769,7.144,73.88094185,137.6,4.1644,102.5923,2.03,9.668
1998-06-01,89.845,275976,0.10041435615978918,6.9975,73.8044566,137.1,4.1841,102.4651,2.03,9.668
1998-07-01,90.311,276266,0.17006300182726367,6.952,73.73323319,137.8,4.2038,102.3196,2.1,10.491
1998-08-01,90.786,276566,0.2572012271620663,6.9225,73.80196207,138.2,4.2287,102.1141,2.1,10.491
1998-09-01,91.26,276859,0.3545121838967797,6.7225,73.92846423,137.9,4.2676,101.8571,2.1,10.491
1998-10-01,91.719,277140,0.44969887999939157,6.71,73.86380027,137.2,4.3077,101.7117,2.17,12.708
1998-11-01,92.201,277402,0.5299735478236625,6.865,73.9219699,137.1,4.3464,101.8115,2.17,12.708
1998-12-01,92.713,277658,0.5867021158734388,6.738,74.05553179,137.3,4.3752,101.9642,2.17,12.708
1999-01-01,93.209,277891,0.6211129477869144,6.785,74.08422737,137.9,4.4026,102.2202,1.9,12.709
1999-02-01,93.672,278095,0.6401261399924515,6.8075,73.94010477,138.7,4.4253,102.4426,1.9,12.709
1999-03-01,94.218,278324,0.6538158591938467,7.04,73.93800047,139.6,4.4321,102.4803,1.9,12.709
1999-04-01,94.785,278584,0.6740439703500591,6.916,73.81454687,140.1,4.4607,102.4751,1.8,13.179
1999-05-01,95.345,278859,0.7117783112171141,7.145,73.97753908,141.0,4.4853,102.5217,1.8,13.179
1999-06-01,95.976,279148,0.7740433303677673,7.55,73.90137862,142.6,4.5072,102.5336,1.8,13.179
1999-07-01,96.593,279448,0.8596994347166559,7.632,73.8762734,144.0,4.5345,102.4743,2.15,15.512
1999-08-01,97.221,279752,0.9623809653807517,7.9425,73.91113738,143.7,4.5517,102.4085,2.15,15.512
1999-09-01,97.864,280053,1.0717960585632091,7.8225,73.8259892,142.2,4.5677,102.3975,2.15,15.512
1999-10-01,98.524,280337,1.1738654552745151,7.852,73.93572791,141.0,4.5915,102.3755,2.08,16.97
1999-11-01,99.155,280594,1.2565157370616202,7.7375,74.03790118,141.3,4.6105,102.5014,2.08,16.97
1999-12-01,99.846,280846,1.3160755248104177,7.912,74.11453162,141.7,4.638,102.6762,2.08,16.97
2000-01-01,100.552,281083,1.3651083002868616,8.21,74.26294831,142.4,4.6662,102.9214,1.95,17.087
2000-02-01,101.339,281299,1.419348443651162,8.325,74.28249653,142.7,4.6794,102.9776,1.95,17.087
2000-03-01,102.127,281531,1.485506011477898,8.24,74.24202605,143.2,4.7102,102.8916,1.95,17.087
2000-04-01,102.922,281763,1.5488143739971008,8.1525,74.50743585,143.2,4.7661,102.8719,1.89,16.594
2000-05-01,103.677,281996,1.586160688716343,8.515,74.07953107,142.2,4.7539,102.845,1.89,16.594
2000-06-01,104.424,282247,1.5795002261216404,8.288,74.21299709,142.4,4.7718,102.7399,1.89,16.594
2000-07-01,105.054,282504,1.5311687113015233,8.1475,73.82639526,141.9,4.7894,102.7044,2.07,15.357
2000-08-01,105.767,282769,1.4517368740222818,8.0275,73.87804544,141.2,4.8175,102.6673,2.07,15.357
2000-09-01,106.537,283033,1.3509762419614642,7.912,73.86201744,141.3,4.8532,102.6143,2.07,15.357
2000-10-01,107.382,283285,1.2312681274925106,7.795,73.8834533,141.1,4.8692,102.4984,2.42,15.779
2000-11-01,108.302,283523,1.0916840458358326,7.745,73.92742133,140.8,4.8803,102.2301,2.42,15.779
2000-12-01,109.14,283748,0.9335380148641957,7.382,74.11726739,140.6,4.925,101.6668,2.42,15.779
2001-01-01,109.846,283960,0.7674294344723162,7.0325,73.97502609,140.3,4.9757,101.1086,2.28,16.253
2001-02-01,110.5,284166,0.6052751058589539,7.05,73.88141454,140.9,5.0141,100.7007,2.28,16.253
2001-03-01,111.108,284380,0.4531640478793467,6.952,73.92006544,141.0,5.072,100.5246,2.28,16.253
2001-04-01,111.651,284602,0.3041691301295293,7.0775,73.55176452,141.3,5.1359,100.4893,2.3,15.664
2001-05-01,112.163,284834,0.14748509763132728,7.145,73.39667822,143.4,5.133,100.6205,2.3,15.664
2001-06-01,112.796,285076,-0.0226588834677561,7.16,73.14266893,143.7,5.1735,100.7048,2.3,15.664
2001-07-01,113.491,285324,-0.1975554636725617,7.1275,73.1263335,142.4,5.2034,100.613,2.19,15.213
2001-08-01,114.166,285584,-0.3616440287315254,6.95,72.57599782,142.4,5.2372,100.2912,2.19,15.213
2001-09-01,114.811,285842,-0.4995852853191856,6.8175,72.79304313,142.4,5.3484,99.82761,2.19,15.213
2001-10-01,115.308,286086,-0.6039011913778122,6.6175,72.4630205,141.1,5.3371,99.66045,2.41,15.188
2001-11-01,115.855,286315,-0.6723892043594927,6.658,72.30498377,140.8,5.3808,99.81811,2.41,15.188
2001-12-01,116.453,286533,-0.7079334323367804,7.065,72.22547248,140.1,5.4338,100.1996,2.41,15.188
2002-01-01,117.143,286739,-0.7208703914959181,6.9975,72.01693636,140.3,5.4541,100.5686,2.21,15.739
2002-02-01,117.844,286935,-0.7240275335708445,6.8925,72.33220257,140.3,5.4834,100.7896,2.21,15.739
2002-03-01,118.687,287131,-0.7294001108477036,7.014,72.13191013,140.9,5.4952,100.9895,2.21,15.739
2002-04-01,119.611,287343,-0.7455278238006338,6.985,71.91477643,141.3,5.4954,101.0457,2.06,15.743
2002-05-01,120.724,287571,-0.7783310094268673,6.806,72.02637214,141.2,5.5215,101.0179,2.06,15.743
2002-06-01,121.813,287808,-0.8311799214545562,6.65,71.8410011,141.1,5.5465,100.7504,2.06,15.743
2002-07-01,122.888,288051,-0.9037865319384211,6.485,71.74810117,141.3,5.5891,100.3922,2.05,16.048
2002-08-01,123.831,288303,-0.9933351048295054,6.29,71.88952014,141.6,5.6316,100.097,2.05,16.048
2002-09-01,124.78,288554,-1.0942083606338697,6.0925,72.07604415,141.6,5.656,99.83873,2.05,16.048
2002-10-01,125.734,288794,-1.1965173220889345,6.1125,71.88980836,141.4,5.7004,99.64377,2.13,16.404
2002-11-01,126.669,289012,-1.2885670164366338,6.068,71.54180146,141.0,5.7506,99.65983,2.13,16.404
2002-12-01,127.622,289214,-1.3591869294821461,6.0475,71.57008541,141.0,5.772,99.65712,2.13,16.404
2003-01-01,128.461,289412,-1.4007669050791636,5.916,71.59030104,141.4,5.8046,99.46645,1.96,17.231
2003-02-01,129.355,289606,-1.4071018815825411,5.8425,71.52052557,142.4,5.8407,99.29735,1.96,17.231
2003-03-01,130.148,289809,-1.3733572740038682,5.745,71.39622472,142.4,5.8614,99.38618,1.96,17.231
2003-04-01,130.884,290024,-1.298602692157489,5.8125,71.37855602,142.6,5.8988,99.84995,1.74,16.863
2003-05-01,131.735,290250,-1.184682560195466,5.484,71.21306064,142.6,5.9593,100.3072,1.74,16.863
2003-06-01,132.649,290484,-1.038117124196319,5.23,71.21528588,142.9,5.996,100.474,1.74,16.863
2003-07-01,133.776,290726,-0.8749245006500678,5.6325,70.98995251,143.8,6.0427,100.4764,1.68,16.945
2003-08-01,134.968,290974,-0.7142370052554107,6.264,71.00284487,144.2,6.1008,100.3809,1.68,16.945
2003-09-01,136.294,291222,-0.5731545265274939,6.1475,70.91933054,145.9,6.0728,100.343,1.68,16.945
2003-10-01,137.532,291463,-0.46144516419373155,5.952,71.0562542,146.4,6.0636,100.5015,1.93,18.715
2003-11-01,138.794,291677,-0.38343777820423075,5.9325,71.13727222,146.6,6.0691,100.8138,1.93,18.715
2003-12-01,140.18,291868,-0.3378890733042184,5.876,71.11806807,145.9,6.0673,101.1378,1.93,18.715
2004-01-01,141.646,292046,-0.3155088060151914,5.7125,71.27802136,146.2,6.0755,101.4364,1.63,18.895
2004-02-01,143.192,292230,-0.30424163253029796,5.635,71.20857649,148.5,6.1143,101.315,1.63,18.895
2004-03-01,145.059,292434,-0.29288738020818744,5.445,71.04987551,150.4,6.1501,101.1356,1.63,18.895
2004-04-01,146.592,292651,-0.273892360590244,5.83,71.18273755,152.3,6.1912,100.9527,1.52,18.759
2004-05-01,148.185,292872,-0.24242114283021868,6.27,71.13162713,153.9,6.2681,100.8689,1.52,18.759
2004-06-01,149.85,293103,-0.19595726428165822,6.2875,71.10718812,153.7,6.2705,101.0163,1.52,18.759
2004-07-01,151.338,293350,-0.1347791724369999,6.056,71.30393312,153.7,6.2843,101.1354,1.55,20.181
2004-08-01,152.633,293603,-0.06051015750138769,5.8675,71.26523753,155.6,6.3106,101.109,1.55,20.181
2004-09-01,154.179,293857,0.024299991080388182,5.754,71.15240844,156.6,6.3453,100.982,1.55,20.181
2004-10-01,155.751,294104,0.11568600757053663,5.7225,71.22236285,156.3,6.3733,100.8866,1.51,19.687
2004-11-01,157.527,294337,0.20864880989294238,5.73,71.36334258,155.8,6.3998,100.9552,1.51,19.687
2004-12-01,159.33,294561,0.2971113814697575,5.752,71.30009354,156.1,6.4183,101.1003,1.51,19.687
2005-01-01,161.288,294768,0.37381937847499536,5.71,71.30858847,158.0,6.4245,101.0846,1.4,19.95
2005-02-01,163.344,294955,0.4323984163343471,5.6275,71.2243995,159.7,6.4328,100.9182,1.4,19.95
2005-03-01,165.812,295149,0.4703307769702747,5.928,71.26674162,160.6,6.4419,100.6729,1.4,19.95
2005-04-01,167.501,295359,0.49330365225196604,5.855,71.43594406,161.1,6.4559,100.4714,1.47,20.327
2005-05-01,169.351,295582,0.5101875086784579,5.72,71.52919517,160.7,6.4733,100.5441,1.47,20.327
2005-06-01,171.19,295824,0.5292055089179445,5.582,71.49490588,161.8,6.5058,100.8115,1.47,20.327
2005-07-01,172.86,296077,0.5546810549116512,5.695,71.62719142,162.3,6.5374,100.7115,1.54,20.09
2005-08-01,174.44,296338,0.5891579527731955,5.82,71.82585969,162.5,6.5702,100.0794,1.54,20.09
2005-09-01,176.437,296606,0.6351919396634587,5.774,71.68737403,164.8,6.6043,99.31103,1.54,20.09
2005-10-01,178.027,296857,0.6966380794011817,6.065,71.69166084,166.7,6.6386,99.06166,1.78,21.088
2005-11-01,179.681,297089,0.7754740766204803,6.33,71.55668242,165.9,6.655,99.47491,1.78,21.088
2005-12-01,180.91,297311,0.8676651004552088,6.272,71.62654856,166.8,6.6819,100.0915,1.78,21.088
2006-01-01,182.32,297526,0.9579130553078602,6.145,71.68959915,169.3,6.7243,100.3698,1.57,21.774
2006-02-01,183.287,297734,1.0276607998974379,6.2525,71.77447655,169.9,6.7486,100.3178,1.57,21.774
2006-03-01,184.364,297950,1.063423312616342,6.324,71.84186171,170.8,6.7629,100.1773,1.57,21.774
2006-04-01,184.329,298170,1.0667567047508397,6.5075,71.78919938,172.3,6.8001,99.90844,1.53,21.437
2006-05-01,184.156,298401,1.04724988772576,6.5975,71.87020667,173.4,6.8069,99.60704,1.53,21.437
2006-06-01,183.507,298653,1.0180004802645644,6.682,72.00719053,174.0,6.8449,99.58485,1.53,21.437
2006-07-01,183.067,298910,0.9929441236017315,6.7625,72.00609721,174.8,6.8863,99.62349,1.72,21.362
2006-08-01,182.593,299178,0.9834255519328943,6.524,72.09809497,175.2,6.9171,99.72852,1.72,21.362
2006-09-01,182.799,299452,0.9947128568340533,6.4025,72.05045513,174.6,6.9442,100.0655,1.72,21.362
2006-10-01,183.2,299710,1.0216158546868293,6.3575,72.24154986,173.7,6.9933,100.5142,2.11,21.321
2006-11-01,183.611,299950,1.0552654145571956,6.24,72.17787164,173.7,7.0284,100.7611,2.11,21.321
2006-12-01,184.141,300178,1.0889566440551905,6.135,72.32395439,173.8,7.0716,100.8845,2.11,21.321
2007-01-01,184.518,300398,1.1237131201875399,6.2175,72.13950335,174.5,7.1096,100.9187,2.01,18.249
2007-02-01,184.599,300608,1.164278324602974,6.285,71.9761166,175.1,7.1253,100.6802,2.01,18.249
2007-03-01,184.15,300823,1.2152434845415805,6.156,72.01818858,176.0,7.1591,100.3898,2.01,18.249
2007-04-01,183.011,301045,1.2769654629681493,6.18,71.70548961,176.9,7.2313,100.2038,2.17,11.542
2007-05-01,181.601,301278,1.3471719296122366,6.262,71.75388273,177.5,7.2454,100.1394,2.17,11.542
2007-06-01,180.254,301528,1.4219916157999026,6.6575,71.76906947,177.8,7.2786,100.0959,2.17,11.542
2007-07-01,179.111,301790,1.4965729481560515,6.695,71.7336101,178.3,7.309,100.0712,2.73,10.264
2007-08-01,178.117,302064,1.5649877098500222,6.572,71.56721976,177.9,7.3851,99.82634,2.73,10.264
2007-09-01,177.558,302334,1.6203458991845359,6.3825,71.6966198,177.8,7.4032,99.55374,2.73,10.264
2007-10-01,176.624,302590,1.6555471184578496,6.375,71.57865066,177.5,7.4172,99.23906,3.3,10.363
2007-11-01,175.147,302834,1.6653558638797201,6.208,71.77461335,178.3,7.4418,98.93367,3.3,10.363
2007-12-01,174.341,303062,1.6500971229305277,6.095,71.55160633,178.2,7.4716,98.75399,3.3,10.363
2008-01-01,173.133,303280,1.6213148070644292,5.758,71.68004844,179.1,7.5055,98.58128,3.67,8.207
2008-02-01,171.542,303494,1.5909700582378083,5.9175,71.4369118,180.0,7.5906,98.16563,3.67,8.207
2008-03-01,170.054,303707,1.5617851140466774,5.97,71.40616088,181.4,7.6562,97.66451,3.67,8.207
2008-04-01,168.337,303926,1.5178767233535129,5.9175,71.42763709,183.0,7.6992,97.09966,4.15,6.064
2008-05-01,166.658,304157,1.4332549695689245,6.036,71.20376424,185.7,7.7112,96.6941,4.15,6.064
2008-06-01,165.017,304396,1.281539951127075,6.32,71.12691593,188.1,7.7289,96.56657,4.15,6.064
2008-07-01,163.567,304646,1.048703694733941,6.426,70.9376369,191.0,7.7754,96.78374,5.16,5.199
2008-08-01,161.989,304903,0.730794797816295,6.4775,70.71813509,192.6,7.7902,97.05888,5.16,5.199
2008-09-01,160.309,305158,0.3374209587465108,6.0375,70.54013549,193.8,7.8595,97.1402,5.16,5.199
2008-10-01,158.329,305403,-0.09891499651121878,6.2,70.39216245,191.8,7.9653,96.76283,7.05,5.897
2008-11-01,156.142,305620,-0.5377644316535826,6.0875,69.94273286,189.6,8.0158,96.48844,7.05,5.897
2008-12-01,153.618,305827,-0.9421969536098891,5.286,69.55779473,187.1,8.1921,96.48046,7.05,5.897
2009-01-01,151.504,306035,-1.2896091845079982,5.0475,69.02579833,186.9,8.2737,96.48817,7.88,6.591
2009-02-01,150.012,306237,-1.5660586984432758,5.13,68.72515975,185.6,8.3031,96.46033,7.88,6.591
2009-03-01,148.659,306438,-1.764789807037366,5.0025,68.21274787,184.7,8.3693,96.67623,7.88,6.591
2009-04-01,147.949,306645,-1.8899315251993605,4.81,68.12060173,184.4,8.3729,97.15536,8.21,5.958
2009-05-01,147.696,306863,-1.9483910299922924,4.8575,67.7652672,184.5,8.4307,97.56764,8.21,5.958
2009-06-01,148.09,307090,-1.9471931261395727,5.42,67.81073424,184.4,8.4405,97.73833,8.21,5.958
2009-07-01,148.409,307322,-1.8956804023634486,5.222,67.70047316,184.4,8.4451,97.68999,9.49,6.325
2009-08-01,148.276,307570,-1.802887813346863,5.1925,67.32831979,185.6,8.445,97.73669,9.49,6.325
2009-09-01,148.023,307826,-1.6786141501006417,5.0575,66.88108259,185.4,8.4442,97.92684,9.49,6.325
2009-10-01,147.848,308071,-1.5375643481961045,4.952,66.60321309,184.6,8.4711,97.95853,10.97,7.568
2009-11-01,148.133,308289,-1.3936066829697453,4.875,66.67090804,185.5,8.5008,97.97353,10.97,7.568
2009-12-01,147.929,308495,-1.2553090887395486,4.93,66.41049104,185.9,8.496,98.15971,10.97,7.568
2010-01-01,147.395,308706,-1.1217715727790054,5.03,66.75059258,187.6,8.4581,98.33228,11.36,7.014
2010-02-01,145.632,308904,-0.9878915289178856,4.99,66.70921369,187.9,8.5074,98.3911,11.36,7.014
2010-03-01,145.86,309095,-0.8494649191098612,4.9675,66.73215681,189.8,8.5045,98.38779,11.36,7.014
2010-04-01,146.401,309289,-0.7084892410621428,5.098,66.86832546,191.8,8.5352,98.36599,10.72,6.017
2010-05-01,146.391,309485,-0.5707180018974469,4.8875,66.75546967,193.0,8.5899,98.36463,10.72,6.017
2010-06-01,145.717,309691,-0.44353588768083657,4.7375,66.75205672,191.6,8.609,98.26317,10.72,6.017
2010-07-01,144.988,309913,-0.3337401762843463,4.564,66.73231854,191.2,8.6188,97.95951,10.67,4.672
2010-08-01,143.912,310146,-0.24797042425875113,4.4275,66.78321107,191.7,8.6691,97.77431,10.67,4.672
2010-09-01,143.015,310385,-0.1920401412097893,4.346,66.65975322,191.4,8.7001,97.72009,10.67,4.672
2010-10-01,142.525,310612,-0.16869453645126786,4.225,66.45845351,192.2,8.7494,97.82516,10.5,4.096
2010-11-01,142.169,310820,-0.17776884578251279,4.3,66.36833365,192.9,8.77,98.09965,10.5,4.096
2010-12-01,142.061,311020,-0.2141765699470841,4.714,66.49392011,193.9,8.8018,98.36723,10.5,4.096
2011-01-01,141.526,311204,-0.26375157590485543,4.755,66.68076578,195.9,8.8231,98.48273,10.51,5.567
2011-02-01,140.356,311373,-0.31070753892131925,4.9525,66.59862828,197.6,8.8869,98.4304,10.51,5.567
2011-03-01,139.987,311551,-0.34425028030396504,4.836,66.68599575,200.8,8.9435,98.17056,10.51,5.567
2011-04-01,140.011,311740,-0.3654742777528194,4.84,66.53967419,203.0,9.0049,98.10826,10.29,3.208
2011-05-01,139.904,311935,-0.37912514982060547,4.6375,66.53673684,204.3,9.0755,98.09151,10.29,3.208
2011-06-01,139.86,312147,-0.38643364635498256,4.51,66.41428403,204.4,9.151,97.76377,10.29,3.208
2011-07-01,139.727,312372,-0.37865748838443763,4.545,66.40140706,205.3,9.3166,97.14838,10.28,3.64
2011-08-01,139.306,312605,-0.34378983091873394,4.27,66.66701059,204.2,9.5076,96.62312,10.28,3.64
2011-09-01,138.667,312842,-0.27446541591148715,4.106,66.68711102,204.7,9.5283,96.55147,10.28,3.64
2011-10-01,137.954,313060,-0.17797885892498852,4.0675,66.66569315,203.7,9.5621,96.79858,10.52,4.221
2011-11-01,137.154,313260,-0.06848966859698237,3.9925,66.81656312,203.7,9.6126,97.26977,10.52,4.221
2011-12-01,136.676,313454,0.0386477876701627,3.958,66.85456158,203.3,9.6601,97.8526,10.52,4.221
2012-01-01,136.607,313636,0.13149526840774442,3.915,66.92927661,204.7,9.7333,98.34948,10.4,4.65
2012-02-01,136.529,313811,0.20101667925070393,3.89,66.96576337,206.1,9.7857,98.6265,10.4,4.65
2012-03-01,137.903,313993,0.24144690256469745,3.954,66.98648921,208.1,9.8306,98.75999,10.4,4.65
2012-04-01,139.155,314176,0.2521836875778283,3.91,66.92278862,208.7,9.8846,98.7974,10.26,3.613
2012-05-01,140.156,314368,0.23528300303248822,3.798,67.06270949,208.3,9.9284,98.7373,10.26,3.613
2012-06-01,141.029,314576,0.1949418173843709,3.675,67.12955756,207.2,9.9993,98.51726,10.26,3.613
2012-07-01,141.667,314796,0.13883036939668034,3.55,67.04849545,206.6,10.0518,98.43972,10.62,3.82
2012-08-01,142.277,315031,0.07602124106995262,3.602,67.00507623,208.2,10.1213,98.62255,10.62,3.82
2012-09-01,142.907,315264,0.0159548824250006,3.4975,67.31248165,209.5,10.2008,98.96298,10.62,3.82
2012-10-01,143.6,315485,-0.032201361749874605,3.3825,67.49576393,208.7,10.2673,99.20711,10.18,3.459
2012-11-01,144.585,315692,-0.06162356460921148,3.352,67.27768067,207.4,10.3376,99.11413,10.18,3.459
2012-12-01,145.501,315877,-0.07084130471639656,3.345,67.29549972,207.4,10.4597,98.75469,10.18,3.459
2013-01-01,146.835,316038,-0.06819484707778609,3.414,67.26017539,209.0,10.4795,98.61649,9.72,2.854
2013-02-01,147.784,316191,-0.06443367347767559,3.5325,67.24302653,211.4,10.482,98.72734,9.72,2.854
2013-03-01,149.965,316357,-0.06630526302159455,3.565,67.17693881,211.7,10.55,98.9069,9.72,2.854
2013-04-01,151.521,316535,-0.07034876615639138,3.445,67.27221245,211.7,10.5859,99.13524,9.18,2.375
2013-05-01,152.854,316729,-0.06918347680067355,3.536,67.34242731,211.5,10.6282,99.49946,9.18,2.375
2013-06-01,154.194,316934,-0.05772545998277499,4.07,67.36664389,211.0,10.6849,99.68776,9.18,2.375
2013-07-01,155.606,317156,-0.03986155706438624,4.37,67.49126816,210.8,10.7308,99.64718,8.6,2.293
2013-08-01,156.973,317397,-0.024396907609131373,4.456,67.41939121,211.6,10.7902,99.3448,8.6,2.293
2013-09-01,158.234,317635,-0.021572721885687728,4.49,67.46938978,211.7,10.8413,98.9345,8.6,2.293
2013-10-01,159.247,317864,-0.039508487104185246,4.192,67.12867199,211.1,10.9567,98.68085,8.36,2.422
2013-11-01,160.075,318076,-0.08115313966168297,4.255,67.44181786,210.7,10.969,98.78904,8.36,2.422
2013-12-01,160.997,318276,-0.1398648436431611,4.4575,67.5381834,211.0,11.0288,99.11606,8.36,2.422
2014-01-01,161.948,318464,-0.19343188896485514,4.432,67.71342406,212.7,11.0789,99.30221,7.82,2.564
2014-02-01,162.53,318642,-0.21566477220557967,4.3025,67.68507621,214.0,11.161,99.37769,7.82,2.564
2014-03-01,163.093,318827,-0.18831223208163828,4.3425,67.91706995,214.9,11.2002,99.41241,7.82,2.564
2014-04-01,163.4,319020,-0.1152591066072573,4.3375,67.94190207,215.5,11.2569,99.49106,7.32,2.342
2014-05-01,163.666,319225,-0.011550633312653831,4.192,68.02925515,215.8,11.3263,99.47639,7.32,2.342
2014-06-01,164.04,319438,0.10410122782774693,4.1625,68.15727373,216.0,11.3807,99.44794,7.32,2.342
2014-07-01,164.574,319670,0.2145243164254183,4.13,68.17414123,216.1,11.4399,99.43913,6.95,2.314
2014-08-01,165.219,319919,0.30656299681386945,4.115,68.23137627,216.2,11.4694,99.54134,6.95,2.314
2014-09-01,165.909,320166,0.3738720887731808,4.1625,68.28201274,216.1,11.5028,99.76144,6.95,2.314
2014-10-01,166.646,320403,0.4209408714160724,4.036,68.57216584,214.4,11.5634,100.0709,6.71,2.357
2014-11-01,167.339,320616,0.45625970944598965,3.9975,68.50972534,213.2,11.6047,100.4505,6.71,2.357
2014-12-01,168.058,320815,0.4868601744489644,3.864,68.4813857,211.0,11.6815,100.8715,6.71,2.357
2015-01-01,168.663,320997,0.5136553476883948,3.67,68.5453485,207.6,11.7452,101.1551,6.15,2.409
2015-02-01,169.138,321164,0.5336209758056448,3.71,68.53634874,208.6,11.8639,101.1576,6.15,2.409
2015-03-01,169.812,321344,0.5422034054556158,3.77,68.42959531,209.7,11.8796,101.054,6.15,2.409
2015-04-01,170.312,321538,0.5361722610832188,3.672,68.69088735,209.6,11.9274,100.9952,5.71,2.335
2015-05-01,170.894,321740,0.5131960914078838,3.84,68.79946789,211.9,11.9603,100.909,5.71,2.335
2015-06-01,171.437,321954,0.47243482605222376,3.9825,68.68994409,212.0,12.0058,100.9241,5.71,2.335
2015-07-01,172.131,322186,0.4163135839212879,4.046,68.63888059,211.4,12.0584,100.801,5.43,2.328
2015-08-01,172.948,322427,0.3490207858548233,3.905,68.76420044,209.8,12.1095,100.5976,5.43,2.328
2015-09-01,173.84,322670,0.2760975129123351,3.89,68.6530404,207.1,12.1645,100.4144,5.43,2.328
2015-10-01,174.802,322901,0.2048245531065695,3.796,68.71601423,206.7,12.1968,100.4458,5.27,2.432
2015-11-01,175.747,323113,0.1418801765654069,3.9425,68.86618198,206.0,12.286,100.5708,5.27,2.432
2015-12-01,176.553,323318,0.09090077060024794,3.964,69.07862545,203.9,12.344,100.675,5.27,2.432
2016-01-01,177.302,323509,0.04945899036442779,3.8725,69.18856829,203.4,12.47,100.689,4.83,2.614
2016-02-01,177.667,323687,0.013049253948606036,3.66,69.26292322,202.2,12.5456,100.649,4.83,2.614
2016-03-01,178.193,323871,-0.02164560811896902,3.694,69.2845483,203.4,12.6097,100.6062,4.83,2.614
2016-04-01,178.8,324061,-0.05387336111828034,3.605,69.18172703,204.8,12.6984,100.6299,4.49,2.535
2016-05-01,179.46,324260,-0.08109262966395542,3.6,69.29192466,206.3,12.7656,100.7612,4.49,2.535
2016-06-01,180.057,324476,-0.1014230718095372,3.568,69.20370576,207.7,12.8319,100.7375,4.49,2.535
2016-07-01,180.848,324697,-0.11644892583991853,3.44,69.28741973,207.6,12.892,100.5801,4.28,2.54
2016-08-01,181.868,324924,-0.12921149582670965,3.435,69.39277939,207.3,12.9782,100.4664,4.28,2.54
2016-09-01,182.837,325155,-0.14260012525723204,3.46,69.42798121,207.5,13.0379,100.4459,4.28,2.54
2016-10-01,183.751,325368,-0.157919260455183,3.47,69.41258637,207.9,13.1054,100.5284,4.25,2.578
2016-11-01,184.74,325562,-0.17520223712264796,3.77,69.53930631,207.2,13.1765,100.8817,4.25,2.578
2016-12-01,185.69,325742,-0.19338978305267168,4.198,69.56071637,208.0,13.2096,101.2438,4.25,2.578
2017-01-01,186.793,325901,-0.21036935496994982,4.15,69.64742039,210.5,13.2827,101.4028,3.9,2.642
2017-02-01,187.313,326050,-0.22334686188213493,4.1675,69.71668609,211.6,13.3514,101.3896,3.9,2.642
2017-03-01,188.032,326207,-0.22930048115887408,4.196,70.01356893,211.9,13.4206,101.3568,3.9,2.642
2017-04-01,188.818,326371,-0.22571510352623322,4.045,70.09787111,213.4,13.4829,101.3143,3.6,2.558
2017-05-01,189.707,326548,-0.2102220332480249,4.01,70.01320957,213.2,13.5348,101.2379,3.6,2.558
2017-06-01,190.522,326743,-0.18091971960576272,3.904,70.1035437,213.3,13.5589,101.1244,3.6,2.558
2017-07-01,191.499,326939,-0.1375451364307345,3.9675,70.17749941,213.3,13.621,101.0804,3.62,2.485
2017-08-01,192.723,327140,-0.08075970892754196,3.88,70.16132366,214.8,13.6796,101.1839,3.62,2.485
2017-09-01,193.786,327342,-0.012447767930099093,3.805,70.47715257,216.5,13.7221,101.3135,3.62,2.485
2017-10-01,194.778,327528,0.0630203172516572,3.895,70.24327849,216.9,13.7774,101.474,3.73,2.584
2017-11-01,195.866,327699,0.14071004356065778,3.922,70.28001871,218.1,13.8041,101.4525,3.73,2.584
2017-12-01,197.044,327848,0.21653398558156564,3.95,70.27531689,218.0,13.8523,101.3639,3.73,2.584
2018-01-01,198.201,327969,0.28850927449563546,4.0325,70.32186477,220.9,13.8682,101.3953,3.42,2.518
2018-02-01,199.184,328085,0.3551555700702912,4.33,70.60275566,222.9,13.9102,101.5664,3.42,2.518
2018-03-01,200.038,328219,0.4141796181836144,4.444,70.55876972,224.9,13.9655,101.6726,3.42,2.518
2018-04-01,200.876,328364,0.46155949843101435,4.4675,70.58543303,226.4,13.9877,101.6192,3.14,2.568
2018-05-01,201.646,328521,0.4925706051489416,4.586,70.74112063,230.6,14.0412,101.529,3.14,2.568
2018-06-01,202.345,328692,0.5036760951364015,4.57,70.70447361,232.1,14.1026,101.4682,3.14,2.568
2018-07-01,203.015,328863,0.4956162275473681,4.5275,70.86644367,232.1,14.137,101.4351,3.02,2.574
2018-08-01,203.783,329040,0.47178770029675293,4.55,70.58232124,231.3,14.1874,101.4469,3.02,2.574
2018-09-01,204.366,329216,0.4380382401652878,4.6275,70.76713932,231.7,14.2146,101.5344,3.02,2.574
2018-10-01,205.017,329379,0.4036405858263491,4.83,70.90413564,232.5,14.2285,101.5157,2.9,2.618
2018-11-01,205.464,329527,0.3784621585236308,4.866,70.96908662,229.2,14.2416,101.4011,2.9,2.618
2018-12-01,205.867,329659,0.37026508389150337,4.6375,70.98884237,225.1,14.3588,101.2224,2.9,2.618
2019-01-01,206.266,329766,0.38142399647848396,4.464,71.01831619,223.8,14.4308,101.0085,2.7,2.774
2019-02-01,206.712,329862,0.41117201486850546,4.37,71.04368243,225.7,14.4723,101.0652,2.7,2.774
2019-03-01,207.202,329977,0.4564949469591967,4.265,71.07826687,228.4,14.5107,101.2936,2.7,2.774
2019-04-01,207.941,330103,0.5117360517630956,4.1425,71.15513574,230.9,14.541,101.4611,2.53,2.791
2019-05-01,208.58,330240,0.5706743566041989,4.072,71.15345811,231.2,14.6325,101.5532,2.53,2.791
2019-06-01,208.947,330393,0.6279392875531116,3.8025,71.25223733,228.4,14.7548,101.4549,2.53,2.791
2019-07-01,209.496,330553,0.6802119656148952,3.765,71.26593493,229.8,14.8338,101.212,2.42,2.725
2019-08-01,210.231,330729,0.7257845593206543,3.616,71.43585761,227.9,14.9198,100.9019,2.42,2.725
2019-09-01,210.911,330904,0.7645269846405838,3.605,71.72250301,227.2,15.0048,100.9018,2.42,2.725
2019-10-01,211.598,331066,0.798381331142431,3.688,71.68721324,227.5,15.1442,101.1143,2.38,2.597
2019-11-01,212.446,331213,0.8286005368601891,3.695,71.67652071,226.9,15.2499,101.3957,2.38,2.597
2019-12-01,213.434,331345,0.8533915612787567,3.72,71.68861332,226.7,15.3191,101.6343,2.38,2.597
2020-01-01,214.49,331443,0.8658743749194218,3.624,71.772376,228.0,15.4018,101.6326,2.37,2.77
2020-02-01,215.549,331525,0.8556094004976895,3.465,71.78967495,227.3,15.4587,101.1843,2.37,2.77
2020-03-01,216.602,331633,-3.4782794504035914,3.45,70.5640085,224.5,15.9886,100.1392,2.37,2.77
2020-04-01,217.464,331680,-6.1383496036532215,3.306,60.26101437,215.2,17.0025,99.00238,2.47,2.851
2020-05-01,217.689,331678,-7.490204646891457,3.2325,62.24638024,216.5,17.8352,98.47874,2.47,2.851
2020-06-01,218.139,331718,-5.881335640995268,3.1625,64.79148629,221.2,18.1293,98.4266,2.47,2.851
2020-07-01,219.702,331777,-4.291805607220245,3.016,65.39307036,225.3,18.2778,98.44471,2.84,2.688
2020-08-01,222.539,331839,-2.723072430499635,2.935,66.86129691,228.9,18.3574,98.65604,2.84,2.688
2020-09-01,225.793,331907,-2.5618705110867026,2.89,66.93470585,231.9,18.5752,98.98322,2.84,2.688
2020-10-01,229.403,331971,-2.3972064421706656,2.834,67.83905746,231.8,18.7357,99.13896,2.85,2.744
2020-11-01,232.673,331996,-2.2175162432075046,2.765,67.76742521,230.7,18.9698,99.09383,2.85,2.744
2020-12-01,235.7,331968,-1.8891192969000699,2.684,67.9143578,234.3,19.1248,99.09704,2.85,2.744
2021-01-01,238.784,331943,-1.5381406444883874,2.735,68.18534226,240.6,19.3726,99.10342,2.66,2.8
2021-02-01,241.845,331950,-1.201308376562516,2.81,68.40536123,246.1,19.6154,99.24959,2.66,2.8
2021-03-01,245.796,331953,-1.0052683245738678,3.0825,68.59722965,253.6,19.8537,99.63319,2.66,2.8
2021-04-01,250.094,331963,-0.8483888722066364,3.06,68.70261216,258.2,20.1105,99.88905,2.41,2.721
2021-05-01,254.556,332008,-0.7163590488496323,2.9625,68.9805578,268.1,20.4176,99.82759,2.41,2.721
2021-06-01,259.249,332092,-0.5679416917269563,2.975,69.11903788,274.8,20.4591,99.60782,2.41,2.721
2021-07-01,263.349,332192,-0.41140011059035225,2.868,69.66496755,274.524,20.62,99.1176,2.3,2.821
2021-08-01,267.028,332295,-0.2504771728958587,2.8425,69.69373307,270.932,20.8523,98.52142,2.3,2.821
2021-09-01,270.258,332403,-0.0930749536810476,2.9,69.96268289,271.332,20.9914,98.20805,2.3,2.821
2021-10-01,273.154,332513,0.0396524975955065,3.0675,70.13436326,275.594,21.142,98.0117,2.33,8.981894736842106
2021-11-01,276.429,332598,0.12413862030368415,3.0675,70.58731728,279.891,21.3433,97.84065,2.33,8.981894736842106
2021-12-01,280.19,332640,0.14705914143784501,3.098,70.79960981,282.949,21.4832,97.73489,2.33,8.981894736842106
2022-01-01,284.767,332684,0.12134684429062557,3.445,70.74889886,294.807,21.6593,97.49467,2.13,8.981894736842106
2022-02-01,290.371,332750,0.06994477652562803,3.7625,70.89030661,303.546,21.7497,97.18996,2.13,8.981894736842106
